{"cameraMode":{"drawMode":0,"name":"Shaded","section":"Shading Mode"},"sceneLighting":true,"audioPlay":false,"sceneViewState":{"showFog":true,"showMaterialUpdate":false,"showSkybox":true,"showFlares":true,"showImageEffects":true,"showParticleSystems":true},"in2DMode":false,"pivot":{"x":0.16658903658390046,"y":-0.4159473478794098,"z":0.7098723649978638},"rotation":{"x":0.397090882062912,"y":0.31677669286727908,"z":-0.14824533462524415,"w":0.848534345626831},"size":5.642761707305908,"orthographic":false}